time_s,state,waypoint,x_m,y_m,altitude_m,target_x_m,target_y_m,target_altitude_m,error_m
1.90028,PRESTREAM,0,0.0329109,-0.0383203,0.0427858,0,0,3,2.95765
2.4006,NAVIGATING,0,0.0291356,-0.0445223,0.0390293,0,0,3,2.96145
2.90076,NAVIGATING,0,0.0294932,-0.0504313,0.0279116,0,0,3,2.97266
3.40061,NAVIGATING,0,0.0323504,-0.0423717,0.0296215,0,0,3,2.97086
3.90069,NAVIGATING,0,0.0386702,-0.0354575,0.019734,0,0,3,2.98073
4.40067,NAVIGATING,0,0.0409526,-0.038377,0.00650562,0,0,3,2.99402
4.90063,NAVIGATING,0,0.0432476,-0.0451147,-0.00998671,0,0,3,3.01064
5.40068,NAVIGATING,0,0.0513011,-0.0480395,-0.0240584,0,0,3,3.02487
5.90044,NAVIGATING,0,0.0561833,-0.0420112,-0.0147424,0,0,3,3.01556
6.40059,NAVIGATING,0,0.0429917,0.0123392,-0.0105666,0,0,3,3.0109
6.90038,NAVIGATING,0,0.0236191,0.120491,-0.0265341,0,0,3,3.02902
7.40047,NAVIGATING,0,0.0346921,0.159332,0.0626911,0,0,3,2.94183
7.90056,NAVIGATING,0,0.0534778,0.101225,0.299034,0,0,3,2.70339
8.40056,NAVIGATING,0,0.0359651,0.0125955,0.554274,0,0,3,2.44602
8.90074,NAVIGATING,0,0.00885899,-0.0389429,1.02847,0,0,3,1.97193
9.4005,NAVIGATING,0,-0.00816294,-0.0566673,1.5486,0,0,3,1.45252
9.90051,NAVIGATING,0,-0.00587267,-0.061242,1.8922,0,0,3,1.1095
10.4011,NAVIGATING,0,-0.00196873,-0.0707765,2.13364,0,0,3,0.869252
10.9008,NAVIGATING,0,-0.0002229,-0.0746412,2.30239,0,0,3,0.701593
11.4007,NAVIGATING,0,-0.000212736,-0.0695713,2.45665,0,0,3,0.547785
11.9005,NAVIGATING,0,-0.00897945,-0.0585353,2.56336,0,0,3,0.440635
12.401,NAVIGATING,0,-0.0128906,-0.0330947,2.65601,0,0,3,0.345816
12.9012,NAVIGATING,0,-0.00580254,-0.0128101,2.72431,0,0,3,0.276051
13.4015,NAVIGATING,0,-0.00064176,-0.00118164,2.79034,0,0,3,0.209664
13.9006,NAVIGATING,1,0.120444,0.0125431,2.90611,3,0,3,2.88111
14.4005,DETOUR,1,0.546149,-0.15643,2.94174,2.38622,1.49284,2.93213,2.47104
14.9008,DETOUR,1,-0.533747,-0.600379,2.63937,2.38622,1.49284,2.93213,3.60464
15.401,DETOUR,1,-1.25916,-0.435322,1.80367,2.38622,1.49284,2.93213,4.27551
15.9008,DETOUR,1,-1.20961,-0.305679,0.768514,2.38622,1.49284,2.93213,4.56573
16.4009,DETOUR,1,-1.03982,0.101513,-0.181659,2.38622,1.49284,2.93213,4.83417
16.9011,DETOUR,1,-0.936186,0.752536,-0.0970817,2.38622,1.49284,2.93213,4.55659
17.4023,DETOUR,1,-0.176672,1.14636,-0.115196,2.38622,1.49284,2.93213,3.99683
17.9016,DETOUR,1,0.83549,1.28515,-0.0995487,2.38622,1.49284,2.93213,3.41159
18.4018,DETOUR,1,1.71681,1.40316,-0.0569275,2.38622,1.49284,2.93213,3.06441
18.9009,DETOUR,1,2.12644,1.38051,-0.0167321,2.38622,1.49284,2.93213,2.96241
19.4015,DETOUR,1,2.35362,1.23794,0.0161019,2.38622,1.49284,2.93213,2.92733
19.9011,DETOUR,1,2.44294,0.998587,0.0137584,2.38622,1.49284,2.93213,2.96047
20.4013,DETOUR,1,2.55748,0.832226,0.0356565,2.38622,1.49284,2.93213,2.97578
20.9011,DETOUR,1,2.57415,0.775337,0.022638,2.38622,1.49284,2.93213,3.00254
21.4009,DETOUR,1,2.59722,0.788992,0.0545375,2.38622,1.49284,2.93213,2.96993
21.9011,DETOUR,1,2.63107,0.892423,0.226848,2.38622,1.49284,2.93213,2.78191
22.4017,DETOUR,1,2.61884,1.01129,0.427622,2.38622,1.49284,2.93213,2.56097
22.9017,DETOUR,1,2.58395,1.06771,0.599793,2.38622,1.49284,2.93213,2.379
23.4012,DETOUR,1,2.57427,1.08916,0.940298,2.38622,1.49284,2.93213,2.04101
23.9013,DETOUR,1,2.58766,1.0821,1.48296,2.38622,1.49284,2.93213,1.51966
24.4013,DETOUR,1,2.58467,1.10588,2.08506,2.38622,1.49284,2.93213,0.952181
24.9014,DETOUR,1,2.55815,1.14078,2.40749,2.38622,1.49284,2.93213,0.654795
25.4013,DETOUR,1,2.51212,1.19815,2.60983,2.38622,1.49284,2.93213,0.454498
25.9014,DETOUR,1,2.46993,1.26058,2.69569,2.38622,1.49284,2.93213,0.341839
26.4016,DETOUR,1,2.44391,1.30576,2.757,2.38622,1.49284,2.93213,0.262676
26.9008,DETOUR,1,2.44046,1.34748,2.80331,2.38622,1.49284,2.93213,0.201661
27.4012,NAVIGATING,1,2.44498,1.36152,2.86941,3,0,3,1.47609
27.902,NAVIGATING,1,2.57207,1.09776,2.91712,3,0,3,1.18113
28.4013,NAVIGATING,1,2.80165,0.685705,2.96706,3,0,3,0.714575
28.9015,NAVIGATING,1,2.9754,0.364578,2.98723,3,0,3,0.36563
29.4019,NAVIGATING,1,3.06339,0.141732,2.99577,3,0,3,0.155321
29.9016,NAVIGATING,1,3.05257,0.0305998,2.98796,3,0,3,0.0620041
30.4018,NAVIGATING,2,2.99004,-0.0187084,2.97371,3,3,3,3.01884
30.9013,NAVIGATING,2,2.91703,0.15166,3.00891,3,3,3,2.84956
31.4011,NAVIGATING,2,2.81989,1.02901,2.98742,3,3,3,1.97924
31.9017,NAVIGATING,2,2.71502,1.98015,2.97935,3,3,3,1.05912
32.4014,NAVIGATING,2,2.67537,2.67399,2.98419,3,3,3,0.460344
32.9015,NAVIGATING,2,2.73209,3.07933,2.98972,3,3,3,0.279602
33.4017,NAVIGATING,2,2.84379,3.26813,3.00113,3,3,3,0.310316
33.9016,NAVIGATING,2,2.9638,3.32202,3.01673,3,3,3,0.324483
34.4018,NAVIGATING,3,3.04206,3.29516,3.04302,0,3,3,3.05665
34.9016,NAVIGATING,3,2.64625,3.2361,3.0896,0,3,3,2.65827
35.4026,NAVIGATING,3,1.70748,3.12874,3.04643,0,3,3,1.71295
35.9016,NAVIGATING,3,0.704819,2.99538,3.03613,0,3,3,0.70576
36.4014,NAVIGATING,3,0.0809198,2.92946,3.02886,0,3,3,0.111161
36.9012,NAVIGATING,3,-0.212613,2.93647,3.01794,0,3,3,0.222626
37.4012,NAVIGATING,3,-0.324846,2.99403,3.01296,0,3,3,0.32516
37.9019,NAVIGATING,4,-0.340342,3.06681,3.02702,0,0,3,3.08576
38.4012,NAVIGATING,4,-0.295137,2.53706,3.06291,0,0,3,2.55494
38.9015,NAVIGATING,4,-0.195694,1.51094,3.05292,0,0,3,1.52448
39.4019,NAVIGATING,4,-0.121434,0.797277,3.05368,0,0,3,0.808257
39.9014,NAVIGATING,4,-0.0768996,0.280478,3.03994,0,0,3,0.293559
40.4019,NAVIGATING,4,-0.0939927,0.0313925,3.03609,0,0,3,0.105465
40.9023,NAVIGATING,4,-0.137191,-0.0440311,3.03918,0,0,3,0.149315
41.4017,NAVIGATING,4,-0.156177,-0.05264,3.04145,0,0,3,0.169942
41.9025,LANDING,4,-0.151179,-0.0346681,2.99217,0,0,3,0.155301
42.4014,LANDING,4,-0.164604,-0.0284257,2.67904,0,0,3,0.361824
42.9017,LANDING,4,-0.166491,-0.0371891,2.43136,0,0,3,0.593679
43.4015,LANDING,4,-0.143477,-0.0623548,2.16091,0,0,3,0.853547
43.9018,LANDING,4,-0.103402,-0.0814296,1.85592,0,0,3,1.15162
44.4014,LANDING,4,-0.0727325,-0.0991643,1.56395,0,0,3,1.4413
44.9018,LANDING,4,-0.0584289,-0.113248,1.25222,0,0,3,1.75242
45.4019,LANDING,4,-0.0441241,-0.124897,0.914836,0,0,3,2.08937
45.9016,LANDING,4,-0.0266498,-0.124043,0.601507,0,0,3,2.40185
46.4017,LANDING,4,-0.0140541,-0.11674,0.311959,0,0,3,2.69061
46.902,LANDING,4,-0.00376402,-0.112255,0.0239729,0,0,3,2.97815
47.4015,LANDING,4,-0.00680586,-0.107829,-0.0460445,0,0,3,3.04796
47.9019,LANDING,4,-0.0124472,-0.102035,0.016027,0,0,3,2.98574
48.4018,LANDING,4,-0.0159377,-0.0975932,0.0362346,0,0,3,2.96541
48.9017,LANDING,4,-0.0212384,-0.105446,0.0397506,0,0,3,2.9622
49.4014,LANDING,4,-0.0198311,-0.112756,0.0623006,0,0,3,2.93993
49.9016,LANDING,4,-0.0168041,-0.117436,0.0699796,0,0,3,2.93242
50.4016,LANDING,4,-0.00848231,-0.12889,0.0707902,0,0,3,2.93206
